,date,week,year,seasonNumber,home,away,homeScore,awayScore,homeCoach,awayCoach,homeRecord,awayRecord,roof,surface,awayQB,homeQB,away First Downs,home First Downs,away Rush-Yds-TDs,home Rush-Yds-TDs,away Cmp-Att-Yd-TD-INT,home Cmp-Att-Yd-TD-INT,away Sacked-Yards,home Sacked-Yards,away Net Pass Yards,home Net Pass Yards,away Total Yards,home Total Yards,away Fumbles-Lost,home Fumbles-Lost,away Turnovers,home Turnovers,away Penalties-Yards,home Penalties-Yards,vegas line,over/under
0,September 19,1,1971,52,Buffalo Bills,Dallas Cowboys,37,49,Harvey Johnson,Tom Landry,0-1,1-0,outdoors,grass,Craig Morton,Dennis Shaw,19,18,40-160-5,22-66-1,10-14-221-2-0,18-30-353-4-3,2-10,3-18,211,335,371,401,2-1,1-1,1,4,13-129,8-95,,
1,September 19,1,1971,52,Atlanta Falcons,San Francisco 49ers,20,17,Norm Van Brocklin,Dick Nolan,1-0,0-1,outdoors,grass,John Brodie,Bob Berry,22,16,30-166-1,36-101-0,17-34-225-1-4,16-21-185-2-0,2-19,3-20,206,165,372,266,4-3,5-1,7,1,6-62,10-55,,
2,September 19,1,1971,52,Cleveland Browns,Houston Oilers,31,0,Nick Skorich,Ed Hughes,1-0,0-1,outdoors,grass,Lynn Dickey,Bill Nelsen,11,21,15-35-0,34-108-2,17-39-245-0-5,19-39-280-2-1,5-37,1-11,208,269,243,377,1-1,3-1,6,2,10-65,7-72,,
3,September 19,1,1971,52,New England Patriots,Oakland Raiders,20,6,John Mazur,John Madden,1-0,0-1,outdoors,astroturf,Daryle Lamonica,Jim Plunkett,20,12,36-205-1,37-134-0,11-31-122-0-1,6-15-127-2-1,2-23,0-0,99,127,304,261,6-3,2-2,4,3,7-80,4-37,,
4,September 19,1,1971,52,Cincinnati Bengals,Philadelphia Eagles,37,14,Paul Brown,Jerry Williams,1-0,0-1,outdoors,astroturf,Pete Liske,Virgil Carter,17,23,18-39-0,35-236-1,20-40-301-2-3,24-33-310-3-0,3-25,1-14,276,296,315,532,1-1,3-1,4,1,8-84,10-122,,
5,September 19,1,1971,52,Chicago Bears,Pittsburgh Steelers,17,15,Jim Dooley,Chuck Noll,1-0,0-1,outdoors,astroturf,Terry Bradshaw,Jack Concannon,15,8,43-223-0,21-45-0,10-24-129-0-4,16-29-124-1-1,0-0,4-28,129,96,352,141,5-3,3-3,7,4,6-64,6-60,,
6,September 19,1,1971,52,Green Bay Packers,New York Giants,40,42,Dan Devine,Alex Webster,0-1,1-0,outdoors,grass,Fran Tarkenton,Scott Hunter,12,17,31-102-0,30-124-1,13-21-236-4-1,15-26-224-3-1,2-15,0-0,221,224,323,348,3-0,6-4,1,5,5-25,4-28,,
7,September 19,1,1971,52,St. Louis Cardinals,Washington Redskins,17,24,Bob Hollway,George Allen,0-1,1-0,outdoors,astroturf,Billy Kilmer,Jim Hart,10,13,38-148-1,38-117-0,6-17-65-1-0,10-27-138-2-4,0-0,0-0,65,138,213,255,2-1,3-3,1,7,3-25,6-39,,
8,September 19,1,1971,52,New Orleans Saints,Los Angeles Rams,24,20,J.D. Roberts,Tommy Prothro,1-0,0-1,outdoors,astroturf,Roman Gabriel,Archie Manning,11,21,26-118-1,41-122-2,11-30-164-1-0,16-29-218-1-1,2-20,7-64,144,154,262,276,1-1,1-0,1,1,12-124,4-36,,
9,September 19,1,1971,52,Denver Broncos,Miami Dolphins,10,10,Lou Saban,Don Shula,0-0-1,0-0-1,outdoors,grass,Bob Griese,Don Horn,15,13,31-118-0,32-104-0,13-24-181-1-1,12-21-166-1-1,5-60,1-9,121,157,239,261,4-4,1-0,5,1,5-25,5-71,,
10,September 19,1,1971,52,San Diego Chargers,Kansas City Chiefs,21,14,Sid Gillman,Hank Stram,1-0,0-1,outdoors,grass,Len Dawson,John Hadl,17,21,34-116-2,26-102-1,12-23-171-0-2,18-38-286-2-1,4-56,4-32,115,254,231,356,1-0,0-0,2,1,8-72,7-85,,
11,September 19,1,1971,52,Baltimore Colts,New York Jets,22,0,Don McCafferty,Weeb Ewbank,1-0,0-1,outdoors,grass,Al Woodall,Earl Morrall,7,16,18-43-0,43-253-2,12-24-108-0-0,7-17-71-0-0,4-33,1-5,75,66,118,319,1-0,2-1,0,1,8-79,5-35,,
12,September 20,1,1971,52,Detroit Lions,Minnesota Vikings,13,16,Joe Schmidt,Bud Grant,0-1,1-0,outdoors,grass,Gary Cuozzo,Greg Landry,14,15,29-43-0,38-160-0,19-32-232-1-2,8-26-61-1-0,0-0,0-0,232,61,275,221,3-2,2-2,4,2,6-65,5-52,,
13,September 26,2,1971,52,Pittsburgh Steelers,Cincinnati Bengals,21,10,Chuck Noll,Paul Brown,1-1,1-1,outdoors,astroturf,Virgil Carter,Terry Bradshaw,15,15,18-28-0,29-80-0,23-43-266-0-1,18-30-249-2-1,5-41,5-41,225,208,253,288,1-0,4-2,1,3,3-35,9-95,,
14,September 26,2,1971,52,New York Giants,Washington Redskins,3,30,Alex Webster,George Allen,1-1,2-0,outdoors,grass,Billy Kilmer,Fran Tarkenton,19,13,30-126-0,25-68-0,23-32-309-2-0,14-30-139-0-2,1-8,5-51,301,88,427,156,1-0,2-0,0,2,15-178,9-72,,
15,September 26,2,1971,52,Buffalo Bills,Miami Dolphins,14,29,Harvey Johnson,Don Shula,0-2,1-0-1,outdoors,grass,Bob Griese,Dennis Shaw,20,14,45-226-1,18-131-2,10-18-159-1-0,17-23-154-0-2,1-9,2-18,150,136,376,267,0-0,2-1,0,3,4-40,1-13,,
16,September 26,2,1971,52,Green Bay Packers,Denver Broncos,34,13,Dan Devine,Lou Saban,1-1,0-1-1,outdoors,grass,Don Horn,Zeke Bratkowski,19,15,27-81-0,40-214-4,23-41-255-1-6,5-19-101-0-3,1-9,1-12,246,89,327,303,1-1,2-1,7,4,5-54,6-73,,
17,September 26,2,1971,52,Philadelphia Eagles,Dallas Cowboys,7,42,Jerry Williams,Tom Landry,0-2,2-0,outdoors,astroturf,Craig Morton,Pete Liske,23,12,43-150-3,19-32-0,19-29-235-2-3,14-36-160-0-7,2-16,2-22,219,138,369,170,1-1,1-1,4,8,11-120,8-73,,
18,September 26,2,1971,52,New England Patriots,Detroit Lions,7,34,John Mazur,Joe Schmidt,1-1,1-1,outdoors,astroturf,Greg Landry,Jim Plunkett,19,10,37-164-2,29-145-0,13-21-227-1-0,6-17-113-1-2,3-23,1-12,204,101,368,246,1-0,1-1,0,3,2-20,5-45,,
19,September 26,2,1971,52,New Orleans Saints,San Francisco 49ers,20,38,J.D. Roberts,Dick Nolan,1-1,1-1,outdoors,astroturf,John Brodie,Edd Hargett,17,16,36-194-3,28-90-0,10-22-125-1-2,14-30-222-3-1,0-0,8-49,125,173,319,263,2-0,1-1,2,2,8-91,5-55,,
20,September 26,2,1971,52,Houston Oilers,Kansas City Chiefs,16,20,Ed Hughes,Hank Stram,0-2,1-1,dome,astroturf,Len Dawson,Dan Pastorini,19,15,39-79-2,20-26-0,14-24-207-0-0,13-28-175-1-3,0-0,1-3,207,172,286,198,3-2,0-0,2,3,6-65,5-64,,
21,September 26,2,1971,52,Minnesota Vikings,Chicago Bears,17,20,Bud Grant,Jim Dooley,1-1,2-0,outdoors,grass,Jack Concannon,Gary Cuozzo,19,11,25-76-0,28-84-0,26-42-268-2-1,11-26-162-2-1,4-29,2-16,239,146,315,230,3-2,1-0,3,1,5-45,6-61,,
22,September 26,2,1971,52,Baltimore Colts,Cleveland Browns,13,14,Don McCafferty,Nick Skorich,1-1,2-0,outdoors,grass,Bill Nelsen,Earl Morrall,18,12,40-118-2,31-137-0,13-27-161-0-2,3-19-49-0-5,1-12,1-8,149,41,267,178,2-2,3-3,4,8,3-35,3-35,,
23,September 26,2,1971,52,Los Angeles Rams,Atlanta Falcons,20,20,Tommy Prothro,Norm Van Brocklin,0-1-1,1-0-1,outdoors,grass,Bob Berry,Roman Gabriel,20,20,39-150-1,37-192-1,15-22-301-1-1,16-30-145-1-0,2-14,2-20,287,125,437,317,2-0,3-3,1,3,3-45,1-5,,
24,September 26,2,1971,52,San Diego Chargers,Oakland Raiders,0,34,Sid Gillman,John Madden,1-1,1-1,outdoors,grass,Daryle Lamonica,John Hadl,20,13,40-212-2,22-73-0,12-19-172-2-0,14-29-174-0-5,1-9,3-21,163,153,375,226,2-1,1-0,1,5,6-37,4-55,,
25,September 27,2,1971,52,St. Louis Cardinals,New York Jets,17,10,Bob Hollway,Weeb Ewbank,1-1,0-2,outdoors,astroturf,Al Woodall,Pete Beathard,18,15,31-118-1,36-118-2,16-28-151-0-0,11-23-222-0-1,2-30,0-0,121,222,239,340,1-0,2-0,0,1,3-25,4-66,,
26,October 3,3,1971,52,Pittsburgh Steelers,San Diego Chargers,21,17,Chuck Noll,Sid Gillman,2-1,1-2,outdoors,astroturf,John Hadl,Terry Bradshaw,28,16,39-169-1,27-125-3,25-36-283-1-2,15-24-175-0-0,2-25,3-18,258,157,427,282,3-2,2-1,4,1,8-83,8-85,,
27,October 3,3,1971,52,New England Patriots,Baltimore Colts,3,23,John Mazur,Don McCafferty,1-2,2-1,outdoors,astroturf,Earl Morrall,Jim Plunkett,24,9,36-136-2,24-89-0,19-24-235-0-2,9-20-62-0-1,1-13,0-0,222,62,358,151,2-0,1-0,2,1,2-10,4-50,,
28,October 3,3,1971,52,Miami Dolphins,New York Jets,10,14,Don Shula,Weeb Ewbank,1-1-1,1-2,outdoors,astroturf,Al Woodall,Bob Griese,13,14,42-134-2,32-163-1,9-21-95-0-1,9-23-146-0-1,1-8,1-12,87,134,221,297,3-0,3-2,1,3,7-75,4-50,,
29,October 3,3,1971,52,Philadelphia Eagles,San Francisco 49ers,3,31,Jerry Williams,Dick Nolan,0-3,2-1,outdoors,astroturf,John Brodie,Pete Liske,21,17,31-202-1,28-89-0,15-30-308-3-0,17-30-214-0-0,0-0,4-42,308,172,510,261,3-2,3-2,2,2,6-60,5-37,,
30,October 3,3,1971,52,Dallas Cowboys,Washington Redskins,16,20,Tom Landry,George Allen,2-1,3-0,outdoors,astroturf,Billy Kilmer,Craig Morton,14,20,41-200-1,29-82-1,5-10-94-1-1,17-35-227-0-0,2-9,3-42,85,185,285,267,3-2,1-1,3,1,3-15,5-35,,
31,October 3,3,1971,52,Houston Oilers,New Orleans Saints,13,13,Ed Hughes,J.D. Roberts,0-2-1,1-1-1,dome,astroturf,Archie Manning,Lynn Dickey,16,13,36-184-0,26-107-0,8-20-112-1-2,9-25-167-1-3,5-33,1-11,79,156,263,263,2-0,0-0,2,3,5-70,4-35,,
32,October 3,3,1971,52,Green Bay Packers,Cincinnati Bengals,20,17,Dan Devine,Paul Brown,2-1,1-2,outdoors,grass,Ken Anderson,Scott Hunter,10,18,24-90-0,50-256-1,11-23-111-1-1,4-12-75-1-2,3-23,1-13,88,62,178,318,2-1,1-1,2,3,3-44,3-35,,
33,October 3,3,1971,52,Minnesota Vikings,Buffalo Bills,19,0,Bud Grant,Harvey Johnson,2-1,0-3,outdoors,grass,Dennis Shaw,Norm Snead,7,23,18-56-0,52-193-2,12-20-67-0-2,12-21-150-0-2,7-59,2-17,8,133,64,326,5-1,1-1,3,3,2-8,6-47,,
34,October 3,3,1971,52,Detroit Lions,Atlanta Falcons,41,38,Joe Schmidt,Norm Van Brocklin,2-1,1-1-1,outdoors,grass,Bob Berry,Greg Landry,16,23,21-47-1,57-223-1,13-23-309-3-3,7-12-123-2-1,2-14,3-28,295,95,342,318,5-2,3-1,5,2,5-33,8-72,,
35,October 3,3,1971,52,Los Angeles Rams,Chicago Bears,17,3,Tommy Prothro,Jim Dooley,1-1-1,2-1,outdoors,grass,Kent Nix,Roman Gabriel,10,21,18-68-0,43-263-2,9-38-91-0-4,13-31-165-0-2,5-46,2-6,45,159,113,422,0-0,3-2,4,4,2-20,6-51,,
36,October 3,3,1971,52,St. Louis Cardinals,New York Giants,20,21,Bob Hollway,Alex Webster,1-2,2-1,outdoors,astroturf,Fran Tarkenton,Pete Beathard,16,14,32-81-1,30-129-0,20-32-239-1-2,10-22-186-2-1,2-19,1-10,220,176,301,305,1-0,6-3,2,4,5-65,3-45,,
37,October 3,3,1971,52,Denver Broncos,Kansas City Chiefs,3,16,Lou Saban,Hank Stram,0-2-1,2-1,outdoors,grass,Len Dawson,Don Horn,11,9,33-93-0,27-62-0,9-21-91-0-1,14-28-168-0-4,2-25,1-8,66,160,159,222,4-2,3-1,3,5,5-55,7-85,,
38,October 4,3,1971,52,Cleveland Browns,Oakland Raiders,20,34,Nick Skorich,John Madden,2-1,2-1,outdoors,grass,Daryle Lamonica,Bill Nelsen,20,20,27-168-2,43-156-1,11-21-184-2-1,15-25-195-1-2,3-24,2-17,160,178,328,334,3-1,3-1,2,3,8-80,9-82,,
39,October 10,4,1971,52,New England Patriots,New York Jets,20,0,John Mazur,Weeb Ewbank,2-2,1-3,outdoors,astroturf,Al Woodall,Jim Plunkett,11,15,33-113-0,36-207-1,4-25-20-0-0,10-22-141-2-0,2-12,1-11,8,130,121,337,5-2,5-2,2,2,5-49,8-102,,
40,October 10,4,1971,52,Cleveland Browns,Pittsburgh Steelers,27,17,Nick Skorich,Chuck Noll,3-1,2-2,outdoors,grass,Terry Bradshaw,Bill Nelsen,11,20,20-110-0,40-131-2,13-28-136-2-1,18-27-236-1-1,3-24,2-17,112,219,222,350,2-0,2-2,1,3,10-98,3-25,,
41,October 10,4,1971,52,Philadelphia Eagles,Minnesota Vikings,0,13,Bud Grant,,0-4,3-1,outdoors,astroturf,Norm Snead,Rick Arrington,15,9,43-135-1,25-50-0,11-24-88-0-0,14-32-132-0-2,3-28,1-10,60,122,195,172,2-1,2-2,1,4,5-57,3-31,,
42,October 10,4,1971,52,Washington Redskins,Houston Oilers,22,13,George Allen,Ed Hughes,4-0,0-3-1,outdoors,grass,Charley Johnson,Billy Kilmer,13,11,21-46-0,40-115-0,16-35-160-1-3,10-21-136-0-0,2-14,0-0,146,136,192,251,2-2,2-2,5,2,4-35,5-63,,
43,October 10,4,1971,52,Cincinnati Bengals,Miami Dolphins,13,23,Paul Brown,Don Shula,1-3,2-1-1,outdoors,astroturf,Bob Griese,Ken Anderson,16,19,34-131-0,33-214-0,12-23-194-2-1,11-19-137-1-0,1-13,3-21,181,116,312,330,0-0,3-1,1,1,5-55,6-52,,
44,October 10,4,1971,52,Buffalo Bills,Baltimore Colts,0,43,Harvey Johnson,Don McCafferty,0-4,3-1,outdoors,grass,Earl Morrall,James Harris,19,4,43-214-4,11-4-0,13-26-193-1-2,10-21-121-0-4,2-6,9-76,187,45,401,49,2-1,4-2,3,6,6-71,8-67,,
45,October 10,4,1971,52,Atlanta Falcons,St. Louis Cardinals,9,26,Norm Van Brocklin,Bob Hollway,1-2-1,2-2,outdoors,grass,Jim Hart,Bob Berry,16,15,42-151-2,26-94-0,12-27-121-0-0,13-27-138-0-4,1-9,2-19,112,119,263,213,1-0,2-2,0,6,8-81,4-48,,
46,October 10,4,1971,52,Detroit Lions,Green Bay Packers,31,28,Joe Schmidt,Dan Devine,3-1,2-2,outdoors,grass,Scott Hunter,Greg Landry,14,26,24-126-2,41-178-0,11-19-137-2-2,18-29-302-4-1,0-0,1-15,137,287,263,465,0-0,4-3,2,4,4-37,10-94,,
47,October 10,4,1971,52,Kansas City Chiefs,San Diego Chargers,31,10,Hank Stram,Sid Gillman,3-1,1-3,outdoors,grass,John Hadl,Len Dawson,11,21,21-54-0,38-221-2,12-23-125-1-2,16-23-188-2-0,0-0,2-21,125,167,179,388,0-0,1-0,2,0,4-43,5-44,,
48,October 10,4,1971,52,Chicago Bears,New Orleans Saints,35,14,Jim Dooley,J.D. Roberts,3-1,1-2-1,outdoors,astroturf,Edd Hargett,Kent Nix,18,26,20-75-2,47-202-1,16-33-224-0-2,16-28-265-3-1,4-36,4-40,188,225,263,427,4-2,4-2,4,3,3-35,6-47,,
49,October 10,4,1971,52,San Francisco 49ers,Los Angeles Rams,13,20,Dick Nolan,Tommy Prothro,2-2,2-1-1,outdoors,astroturf,Jerry Rhome,John Brodie,9,14,34-219-1,31-120-0,2-12-13-0-1,17-34-152-1-2,3-31,0-0,-18,152,201,272,3-1,3-2,2,4,5-35,7-90,,
50,October 10,4,1971,52,Denver Broncos,Oakland Raiders,16,27,Lou Saban,John Madden,0-3-1,3-1,outdoors,grass,Ken Stabler,Steve Ramsey,20,11,42-156-1,29-99-0,11-28-135-1-1,11-24-229-1-2,2-22,1-9,113,220,269,319,1-0,2-1,1,3,8-84,8-79,,
51,October 11,4,1971,52,Dallas Cowboys,New York Giants,20,13,Tom Landry,Alex Webster,3-1,2-2,outdoors,astroturf,Fran Tarkenton,Roger Staubach,18,21,21-67-0,45-222-0,26-46-294-1-0,11-23-185-2-1,4-29,1-6,265,179,332,401,5-5,7-5,5,6,5-33,6-85,,
52,October 17,5,1971,52,Miami Dolphins,New England Patriots,41,3,Don Shula,John Mazur,3-1-1,2-3,outdoors,astroturf,Jim Plunkett,Bob Griese,11,19,18-35-0,34-215-1,14-35-134-0-2,11-22-244-4-0,7-52,2-28,82,216,117,431,2-1,1-0,3,0,3-15,5-30,,
53,October 17,5,1971,52,Washington Redskins,St. Louis Cardinals,20,0,George Allen,Bob Hollway,5-0,2-3,outdoors,grass,Pete Beathard,Billy Kilmer,11,21,14-25-0,47-229-2,15-30-180-0-4,9-17-126-0-1,0-0,1-6,180,120,205,349,3-3,2-1,7,2,4-30,7-60,,
54,October 17,5,1971,52,New York Jets,Buffalo Bills,28,17,Weeb Ewbank,Harvey Johnson,2-3,0-5,outdoors,grass,Dennis Shaw,Bob Davis,14,20,23-83-1,52-191-2,11-33-198-1-2,7-12-140-2-0,1-10,1-0,188,140,271,331,1-0,1-0,2,0,7-43,5-35,,
55,October 17,5,1971,52,Atlanta Falcons,Los Angeles Rams,16,24,Norm Van Brocklin,Tommy Prothro,1-3-1,3-1-1,outdoors,grass,Roman Gabriel,Bob Berry,18,14,36-124-3,33-114-0,14-24-209-0-0,10-19-173-1-4,4-27,4-38,182,135,306,249,4-4,5-0,4,4,4-25,6-83,,
56,October 17,5,1971,52,New York Giants,Baltimore Colts,7,31,Alex Webster,Don McCafferty,2-3,4-1,outdoors,grass,Earl Morrall,Fran Tarkenton,19,15,37-241-1,23-87-1,10-22-135-3-0,18-33-188-0-3,2-13,3-24,122,164,363,251,0-0,2-2,0,5,4-52,2-23,,
57,October 17,5,1971,52,Houston Oilers,Detroit Lions,7,31,Ed Hughes,Joe Schmidt,0-4-1,4-1,dome,astroturf,Greg Landry,Dan Pastorini,20,13,43-230-2,24-86-0,9-16-197-1-1,15-40-209-1-4,4-42,0-0,155,209,385,295,4-2,3-1,3,5,6-98,14-144,,
58,October 17,5,1971,52,New Orleans Saints,Dallas Cowboys,24,14,J.D. Roberts,Tom Landry,2-2-1,3-2,outdoors,astroturf,Craig Morton,Archie Manning,20,10,31-96-0,31-108-2,17-34-230-2-3,6-15-83-1-1,5-26,4-34,204,49,300,157,3-3,1-1,6,2,5-58,7-63,,
59,October 17,5,1971,52,Cincinnati Bengals,Cleveland Browns,24,27,Paul Brown,Nick Skorich,1-4,4-1,outdoors,astroturf,Bill Nelsen,Ken Anderson,17,15,26-64-2,40-232-3,18-35-213-1-2,10-22-122-0-1,1-8,2-15,205,107,269,339,1-1,3-1,3,2,4-42,6-51,,
60,October 17,5,1971,52,San Francisco 49ers,Chicago Bears,13,0,Dick Nolan,Jim Dooley,3-2,3-2,outdoors,astroturf,Kent Nix,John Brodie,13,20,18-62-0,42-161-0,15-41-179-0-4,20-35-213-1-2,2-21,2-20,158,193,220,354,2-2,3-3,6,5,8-92,6-69,,
61,October 17,5,1971,52,Oakland Raiders,Philadelphia Eagles,34,10,John Madden,,4-1,0-5,outdoors,grass,Rick Arrington,Ken Stabler,11,20,23-62-0,35-176-2,14-27-175-1-1,18-30-243-2-1,2-11,1-7,164,236,226,412,2-2,1-1,3,2,5-49,8-67,,
62,October 17,5,1971,52,Denver Broncos,San Diego Chargers,20,16,Lou Saban,Sid Gillman,1-3-1,1-4,outdoors,grass,John Hadl,Don Horn,15,17,16-76-0,55-225-2,18-44-236-1-1,7-18-71-0-1,2-24,0-0,212,71,288,296,5-3,4-1,4,2,5-50,7-77,,
63,October 17,5,1971,52,Green Bay Packers,Minnesota Vikings,13,24,Dan Devine,Bud Grant,2-3,4-1,outdoors,grass,Gary Cuozzo,Scott Hunter,17,19,28-98-0,37-121-1,17-33-182-3-1,12-25-230-1-3,1-10,1-9,172,221,270,342,0-0,3-2,1,5,2-20,2-20,,
64,October 18,5,1971,52,Kansas City Chiefs,Pittsburgh Steelers,38,16,Hank Stram,Chuck Noll,4-1,2-3,outdoors,grass,Terry Bradshaw,Len Dawson,18,15,26-71-1,35-63-1,20-39-269-0-2,14-26-290-3-1,2-18,1-5,251,285,322,348,3-2,2-1,4,2,6-56,5-66,,
65,October 23,6,1971,52,San Diego Chargers,Buffalo Bills,20,3,Sid Gillman,Harvey Johnson,2-4,0-6,outdoors,grass,Dennis Shaw,John Hadl,11,22,27-152-0,42-198-0,8-24-56-0-2,15-29-268-2-1,2-19,2-20,37,248,189,446,1-0,4-4,2,5,5-33,6-50,,
66,October 24,6,1971,52,New York Jets,Miami Dolphins,14,30,Weeb Ewbank,Don Shula,2-4,4-1-1,outdoors,grass,Bob Griese,Bob Davis,19,16,44-302-2,32-132-0,5-18-68-1-0,8-24-133-2-0,1-9,4-32,59,101,361,233,1-0,2-1,0,1,5-87,3-16,,
67,October 24,6,1971,52,Atlanta Falcons,New Orleans Saints,28,6,Norm Van Brocklin,J.D. Roberts,2-3-1,2-3-1,outdoors,grass,Archie Manning,Dick Shiner,15,25,15-58-0,53-284-2,14-41-163-0-2,9-16-94-2-1,3-19,1-14,144,80,202,364,0-0,0-0,2,1,4-62,11-102,,
68,October 24,6,1971,52,Philadelphia Eagles,New York Giants,23,7,Alex Webster,,1-5,2-4,outdoors,astroturf,Fran Tarkenton,Rick Arrington,16,15,29-165-1,40-169-2,11-26-100-0-1,6-20-43-0-1,3-29,0-0,71,43,236,212,5-4,0-0,5,1,5-35,4-20,,
69,October 24,6,1971,52,Cleveland Browns,Denver Broncos,0,27,Nick Skorich,Lou Saban,4-2,2-3-1,outdoors,grass,Don Horn,Bill Nelsen,18,6,57-280-1,15-24-0,8-16-85-1-0,7-27-81-0-3,0-0,4-45,85,36,365,60,2-0,3-1,0,4,5-37,6-52,,
70,October 24,6,1971,52,Pittsburgh Steelers,Houston Oilers,23,16,Chuck Noll,Ed Hughes,3-3,0-5-1,outdoors,astroturf,Dan Pastorini,Terry Bradshaw,19,26,26-92-2,37-165-2,17-34-191-0-1,21-33-279-0-4,1-11,2-25,180,254,272,419,1-1,3-1,2,5,9-84,9-113,,
71,October 24,6,1971,52,Detroit Lions,Chicago Bears,23,28,Joe Schmidt,Jim Dooley,4-2,4-2,outdoors,grass,Bobby Douglass,Greg Landry,17,17,34-173-2,28-116-0,15-21-160-2-0,11-26-173-1-2,2-10,5-28,150,145,323,261,0-0,1-0,0,2,7-75,7-69,,
72,October 24,6,1971,52,St. Louis Cardinals,San Francisco 49ers,14,26,Bob Hollway,Dick Nolan,2-4,4-2,outdoors,astroturf,John Brodie,Pete Beathard,16,15,37-140-0,24-108-0,16-32-226-1-0,11-26-212-2-1,0-0,5-36,226,176,366,284,1-0,2-2,0,3,13-168,6-60,,
73,October 24,6,1971,52,Dallas Cowboys,New England Patriots,44,21,Tom Landry,John Mazur,4-2,2-4,outdoors,astroturf,Jim Plunkett,Roger Staubach,17,20,24-76-1,34-168-3,16-29-228-2-1,16-25-241-2-0,5-45,1-3,183,238,259,406,2-2,2-0,3,0,4-59,5-58,,
74,October 24,6,1971,52,Kansas City Chiefs,Washington Redskins,27,20,Hank Stram,George Allen,5-1,5-1,outdoors,grass,Billy Kilmer,Len Dawson,16,20,25-99-0,39-162-0,15-38-220-2-1,10-23-203-3-2,2-15,5-40,205,163,304,325,2-1,0-0,2,2,8-72,2-20,,
75,October 24,6,1971,52,Oakland Raiders,Cincinnati Bengals,31,27,John Madden,Paul Brown,5-1,1-5,outdoors,grass,Ken Anderson,Daryle Lamonica,17,19,35-111-1,37-202-2,15-23-173-2-1,10-18-139-2-2,6-34,3-25,139,114,250,316,1-0,0-0,1,2,6-101,7-99,,
76,October 24,6,1971,52,Los Angeles Rams,Green Bay Packers,30,13,Tommy Prothro,Dan Devine,4-1-1,2-4,outdoors,grass,Scott Hunter,Roman Gabriel,14,20,27-93-0,40-164-0,11-26-151-1-3,12-23-175-3-1,1-7,1-8,144,167,237,331,1-1,1-0,4,1,5-36,3-26,,
77,October 25,6,1971,52,Minnesota Vikings,Baltimore Colts,10,3,Bud Grant,Don McCafferty,5-1,4-2,outdoors,grass,Earl Morrall,Gary Cuozzo,16,9,35-129-0,29-67-1,19-33-173-0-3,7-15-110-0-1,3-26,3-24,147,86,276,153,1-0,1-0,3,1,4-39,5-44,,
78,October 31,7,1971,52,Washington Redskins,New Orleans Saints,24,14,George Allen,J.D. Roberts,6-1,2-4-1,outdoors,grass,Edd Hargett,Billy Kilmer,16,21,31-106-2,37-173-1,12-27-163-0-1,13-22-204-1-2,6-57,0-0,106,204,212,377,2-0,4-4,1,6,13-123,6-61,,
79,October 31,7,1971,52,Buffalo Bills,St. Louis Cardinals,23,28,Harvey Johnson,Bob Hollway,0-7,3-4,outdoors,grass,Jim Hart,Dennis Shaw,24,19,41-142-2,23-62-0,15-27-171-2-0,18-34-269-2-2,1-8,4-22,163,247,305,309,1-0,1-1,0,3,8-78,10-75,,
80,October 31,7,1971,52,New York Giants,Minnesota Vikings,10,17,Alex Webster,Bud Grant,2-5,6-1,outdoors,grass,Gary Cuozzo,Fran Tarkenton,13,13,25-117-1,37-125-1,16-33-180-1-1,20-30-144-0-0,2-19,2-17,161,127,278,252,2-1,2-1,2,1,3-35,3-15,,
81,October 31,7,1971,52,Philadelphia Eagles,Denver Broncos,17,16,Lou Saban,,2-5,2-4-1,outdoors,astroturf,Don Horn,Rick Arrington,19,9,39-170-1,26-46-0,14-28-127-0-2,7-17-129-1-1,3-25,6-52,102,77,272,123,4-3,0-0,5,1,4-20,7-73,,
82,October 31,7,1971,52,Cleveland Browns,Atlanta Falcons,14,31,Nick Skorich,Norm Van Brocklin,4-3,3-3-1,outdoors,grass,Dick Shiner,Bill Nelsen,17,10,54-175-1,20-65-1,7-10-142-2-0,9-19-108-1-4,0-0,2-20,142,88,317,153,0-0,0-0,0,4,5-45,4-51,,
83,October 31,7,1971,52,Baltimore Colts,Pittsburgh Steelers,34,21,Don McCafferty,Chuck Noll,5-2,3-4,outdoors,grass,Terry Bradshaw,Earl Morrall,14,19,16-26-2,32-71-1,20-35-187-1-1,18-34-318-3-1,3-32,1-6,155,312,181,383,1-1,3-1,2,2,6-40,7-51,,
84,October 31,7,1971,52,Houston Oilers,Cincinnati Bengals,10,6,Ed Hughes,Paul Brown,1-5-1,1-6,dome,astroturf,Ken Anderson,Dan Pastorini,9,9,31-135-0,34-94-0,6-20-16-0-1,7-20-93-0-4,9-68,1-10,-52,83,83,177,3-0,2-1,1,5,6-57,5-44,,
85,October 31,7,1971,52,Chicago Bears,Dallas Cowboys,23,19,Jim Dooley,Tom Landry,5-2,4-3,outdoors,astroturf,Craig Morton,Bobby Douglass,26,7,34-139-1,31-82-1,27-47-344-1-4,7-19-140-1-1,1-2,4-28,342,112,481,194,4-3,2-1,7,2,7-80,2-10,,
86,October 31,7,1971,52,Oakland Raiders,Kansas City Chiefs,20,20,John Madden,Hank Stram,5-1-1,5-1-1,outdoors,grass,Len Dawson,Daryle Lamonica,18,19,37-161-2,28-111-1,7-13-133-0-1,12-25-183-1-2,5-46,4-42,87,141,248,252,1-1,1-0,2,2,5-66,3-31,,
87,October 31,7,1971,52,San Francisco 49ers,New England Patriots,27,10,Dick Nolan,John Mazur,5-2,2-5,outdoors,astroturf,Jim Plunkett,John Brodie,11,13,31-177-0,36-71-1,7-20-102-1-0,10-21-200-1-3,4-33,2-24,69,176,246,247,3-3,2-2,3,5,5-40,6-60,,
88,October 31,7,1971,52,Los Angeles Rams,Miami Dolphins,14,20,Tommy Prothro,Don Shula,4-2-1,5-1-1,outdoors,grass,Bob Griese,Roman Gabriel,13,22,29-127-0,30-114-1,13-19-209-2-0,23-35-277-1-0,3-24,4-32,185,245,312,359,1-0,5-2,0,2,7-66,5-35,,
89,October 31,7,1971,52,San Diego Chargers,New York Jets,49,21,Sid Gillman,Weeb Ewbank,3-4,2-5,outdoors,grass,Bob Davis,John Hadl,19,20,30-169-1,31-165-2,11-23-118-2-3,19-28-358-4-1,3-24,0-0,94,358,263,523,4-1,3-1,4,2,6-56,10-100,,
90,November 1,7,1971,52,Green Bay Packers,Detroit Lions,14,14,Dan Devine,Joe Schmidt,2-4-1,4-2-1,outdoors,grass,Greg Landry,Scott Hunter,18,13,48-190-0,40-218-2,6-14-101-1-1,1-5-9-0-0,0-0,1-9,101,0,291,218,5-3,1-1,4,1,4-18,9-88,,
91,November 7,8,1971,52,Pittsburgh Steelers,Cleveland Browns,26,9,Chuck Noll,Nick Skorich,4-4,4-4,outdoors,astroturf,Bill Nelsen,Terry Bradshaw,11,21,32-129-1,48-230-1,10-22-114-0-2,7-21-163-1-1,3-33,0-0,81,163,210,393,1-1,2-0,3,1,6-44,7-79,,
92,November 7,8,1971,52,Miami Dolphins,Buffalo Bills,34,0,Don Shula,Harvey Johnson,6-1-1,0-8,outdoors,astroturf,James Harris,Bob Griese,19,23,29-206-0,38-302-2,18-30-165-0-2,9-19-95-2-0,1-7,1-6,158,89,364,391,7-3,0-0,5,0,3-41,7-48,,
93,November 7,8,1971,52,Cincinnati Bengals,Atlanta Falcons,6,9,Paul Brown,Norm Van Brocklin,1-7,4-3-1,outdoors,astroturf,Dick Shiner,Virgil Carter,15,10,45-155-0,30-94-0,7-15-150-1-0,10-24-88-0-2,4-38,1-15,112,73,267,167,4-1,0-0,1,2,4-35,3-35,,
94,November 7,8,1971,52,Washington Redskins,Philadelphia Eagles,7,7,George Allen,,6-1-1,2-5-1,outdoors,grass,Rick Arrington,Billy Kilmer,10,14,31-77-0,31-61-0,10-22-124-1-1,12-24-153-1-4,3-29,2-17,95,136,172,197,2-0,4-3,1,7,11-97,9-78,,
95,November 7,8,1971,52,New York Jets,Kansas City Chiefs,13,10,Weeb Ewbank,Hank Stram,3-5,5-2-1,outdoors,grass,Len Dawson,Bob Davis,10,11,31-95-0,37-136-1,13-25-111-1-2,3-9-19-0-0,2-16,2-10,95,9,190,145,1-1,1-0,3,0,5-28,2-20,,
96,November 7,8,1971,52,New England Patriots,Houston Oilers,28,20,John Mazur,Ed Hughes,3-5,1-6-1,outdoors,astroturf,Dan Pastorini,Jim Plunkett,16,21,27-71-1,36-99-3,18-36-260-1-3,15-31-205-1-0,0-0,4-51,260,154,331,253,2-0,1-0,3,0,8-60,2-20,,
97,November 7,8,1971,52,New York Giants,San Diego Chargers,35,17,Alex Webster,Sid Gillman,3-5,3-5,outdoors,grass,John Hadl,Fran Tarkenton,18,21,21-92-0,37-157-4,19-35-240-2-3,16-20-270-1-0,1-13,1-10,227,260,319,417,2-0,3-1,3,1,4-40,9-95,,
98,November 7,8,1971,52,New Orleans Saints,Oakland Raiders,21,21,J.D. Roberts,John Madden,2-4-2,5-1-2,outdoors,astroturf,Daryle Lamonica,Edd Hargett,13,26,34-134-1,48-212-2,6-12-114-2-1,14-29-170-1-1,1-8,1-9,106,161,240,373,1-1,4-2,2,3,10-105,8-60,,
99,November 7,8,1971,52,St. Louis Cardinals,Dallas Cowboys,13,16,Bob Hollway,Tom Landry,3-5,5-3,outdoors,astroturf,Roger Staubach,Jim Hart,20,11,38-173-0,16-36-0,20-31-199-1-0,12-23-227-1-0,1-0,4-35,199,192,372,228,0-0,2-1,0,1,8-98,5-53,,
100,November 7,8,1971,52,Chicago Bears,Green Bay Packers,14,17,Jim Dooley,Dan Devine,5-3,3-4-1,outdoors,astroturf,Scott Hunter,Bobby Douglass,13,16,43-171-1,22-75-1,7-14-133-1-1,19-38-205-1-3,0-0,0-0,133,205,304,280,1-1,1-1,2,4,4-43,2-30,,
101,November 7,8,1971,52,Minnesota Vikings,San Francisco 49ers,9,13,Bud Grant,Dick Nolan,6-2,6-2,outdoors,grass,John Brodie,Norm Snead,14,10,36-119-0,26-91-0,13-30-110-1-2,6-25-94-0-1,1-7,3-18,103,76,222,167,4-3,1-0,5,1,2-20,5-28,,
102,November 7,8,1971,52,Denver Broncos,Detroit Lions,20,24,Lou Saban,Joe Schmidt,2-5-1,5-2-1,outdoors,grass,Greg Landry,Don Horn,19,20,37-228-1,43-203-1,7-16-210-2-1,13-20-164-1-0,2-20,1-7,190,157,418,360,2-1,3-2,2,2,4-40,5-65,,
103,November 8,8,1971,52,Baltimore Colts,Los Angeles Rams,24,17,Don McCafferty,Tommy Prothro,6-2,4-3-1,outdoors,grass,Roman Gabriel,Earl Morrall,12,17,23-108-0,36-155-2,12-27-170-2-1,10-30-104-0-2,2-16,1-10,154,94,262,249,1-1,0-0,2,2,6-40,1-5,,
104,November 14,9,1971,52,New England Patriots,Buffalo Bills,38,33,John Mazur,Harvey Johnson,4-5,0-9,outdoors,astroturf,James Harris,Jim Plunkett,15,9,24-89-0,27-119-0,15-36-174-1-0,9-16-218-4-1,4-46,4-38,128,180,217,299,2-1,2-2,1,3,2-10,6-71,,
105,November 14,9,1971,52,Atlanta Falcons,New York Giants,17,21,Norm Van Brocklin,Alex Webster,4-4-1,4-5,outdoors,grass,Fran Tarkenton,Dick Shiner,19,13,39-172-2,28-80-1,14-26-152-1-1,11-20-167-1-2,0-0,4-28,152,139,324,219,2-2,0-0,3,2,7-63,5-45,,
106,November 14,9,1971,52,New York Jets,Baltimore Colts,13,14,Weeb Ewbank,Don McCafferty,3-6,7-2,outdoors,grass,Johnny Unitas,Bob Davis,15,9,37-119-2,29-75-1,9-25-137-0-0,9-21-130-1-3,7-67,2-17,70,113,189,188,6-3,1-0,3,3,4-30,4-68,,
107,November 14,9,1971,52,Miami Dolphins,Pittsburgh Steelers,24,21,Don Shula,Chuck Noll,7-1-1,4-5,outdoors,astroturf,Terry Bradshaw,Bob Griese,17,11,24-69-0,33-120-0,25-37-253-3-3,9-16-232-3-2,4-34,4-43,219,189,288,309,3-1,3-2,4,4,8-80,8-65,,
108,November 14,9,1971,52,Dallas Cowboys,Philadelphia Eagles,20,7,Tom Landry,,6-3,2-6-1,outdoors,astroturf,Pete Liske,Roger Staubach,14,21,18-44-1,40-179-2,23-39-258-0-2,14-29-176-0-0,3-16,5-47,242,129,286,308,3-3,1-1,5,1,7-104,10-115,,
109,November 14,9,1971,52,Minnesota Vikings,Green Bay Packers,3,0,Bud Grant,Dan Devine,7-2,3-5-1,outdoors,grass,Scott Hunter,Gary Cuozzo,15,5,54-245-0,31-66-0,6-11-65-0-3,5-11-42-0-0,1-9,3-21,56,21,301,87,2-1,3-1,4,1,1-15,4-15,,
110,November 14,9,1971,52,Chicago Bears,Washington Redskins,16,15,Jim Dooley,George Allen,6-3,6-2-1,outdoors,astroturf,Billy Kilmer,Bobby Douglass,15,20,28-88-0,34-205-1,24-36-206-0-0,15-33-214-0-0,2-11,5-34,195,180,283,385,0-0,1-1,0,1,2-10,6-44,,
111,November 14,9,1971,52,Detroit Lions,Los Angeles Rams,13,21,Joe Schmidt,Tommy Prothro,5-3-1,5-3-1,outdoors,grass,Roman Gabriel,Greg Landry,19,21,30-141-1,38-177-1,17-22-179-2-1,15-25-199-0-0,1-9,7-59,170,140,311,317,1-0,2-1,1,1,4-27,1-15,,
112,November 14,9,1971,52,Oakland Raiders,Houston Oilers,41,21,John Madden,Ed Hughes,6-1-2,1-7-1,outdoors,grass,Dan Pastorini,Daryle Lamonica,16,12,28-59-1,33-82-2,11-32-150-2-4,8-17-180-2-4,4-20,2-17,130,163,189,245,3-2,1-0,6,4,7-76,8-103,,
113,November 14,9,1971,52,San Francisco 49ers,New Orleans Saints,20,26,Dick Nolan,J.D. Roberts,6-3,3-4-2,outdoors,astroturf,Edd Hargett,John Brodie,17,23,31-122-0,33-143-0,13-21-225-3-0,20-28-203-2-2,1-9,1-13,216,190,338,333,4-1,4-2,1,4,4-37,3-25,,
114,November 14,9,1971,52,Kansas City Chiefs,Cleveland Browns,13,7,Hank Stram,Nick Skorich,6-2-1,4-5,outdoors,grass,Mike Phipps,Len Dawson,15,23,19-45-0,43-183-0,16-33-247-1-2,15-24-234-1-0,0-0,3-33,247,201,292,384,2-1,2-2,3,2,4-33,5-56,,
115,November 14,9,1971,52,Denver Broncos,Cincinnati Bengals,10,24,Lou Saban,Paul Brown,2-6-1,2-7,outdoors,grass,Virgil Carter,Steve Ramsey,19,10,42-213-1,29-122-0,15-23-266-2-0,7-18-112-1-1,1-6,2-13,260,99,473,221,2-1,0-0,1,1,5-65,3-29,,
116,November 15,9,1971,52,San Diego Chargers,St. Louis Cardinals,20,17,Sid Gillman,Bob Hollway,4-5,3-6,outdoors,grass,Jim Hart,John Hadl,21,21,31-132-1,32-140-1,17-35-214-1-3,21-30-249-1-1,0-0,0-0,214,249,346,389,1-0,5-2,3,3,2-10,1-5,,
117,November 21,10,1971,52,Pittsburgh Steelers,New York Giants,17,13,Chuck Noll,Alex Webster,5-5,4-6,outdoors,astroturf,Fran Tarkenton,Terry Bradshaw,22,11,29-146-0,24-115-0,27-41-302-1-2,12-20-75-1-0,3-29,1-15,273,60,419,175,2-1,0-0,3,0,4-40,2-10,,
118,November 21,10,1971,52,Cincinnati Bengals,Houston Oilers,28,13,Paul Brown,Ed Hughes,3-7,1-8-1,outdoors,astroturf,Dan Pastorini,Virgil Carter,13,19,19-70-0,44-120-2,12-27-215-1-1,13-16-151-2-0,5-44,1-8,171,143,241,263,1-1,2-2,2,2,4-32,2-15,,
119,November 21,10,1971,52,Washington Redskins,Dallas Cowboys,0,13,George Allen,Tom Landry,6-3-1,7-3,outdoors,grass,Roger Staubach,Billy Kilmer,16,15,37-146-1,21-65-0,11-21-151-0-0,19-32-194-0-2,3-18,3-27,133,167,279,232,2-1,1-0,1,2,6-30,3-50,,
120,November 21,10,1971,52,Cleveland Browns,New England Patriots,27,7,Nick Skorich,John Mazur,5-5,4-6,outdoors,grass,Jim Plunkett,Bill Nelsen,19,19,27-123-0,43-175-1,13-32-169-1-4,12-26-158-2-0,0-0,2-12,169,146,292,321,0-0,1-0,4,0,5-41,6-56,,
121,November 21,10,1971,52,Buffalo Bills,New York Jets,7,20,Harvey Johnson,Weeb Ewbank,0-10,4-6,outdoors,grass,Bob Davis,Dennis Shaw,10,12,42-153-0,23-78-0,6-14-81-2-1,13-33-150-1-5,1-3,4-31,78,119,231,197,1-0,2-1,1,6,7-73,4-30,,
122,November 21,10,1971,52,Miami Dolphins,Baltimore Colts,17,14,Don Shula,Don McCafferty,8-1-1,7-3,outdoors,astroturf,Johnny Unitas,Bob Griese,14,16,29-100-2,36-168-1,15-26-177-0-3,10-16-90-1-0,1-9,1-9,168,81,268,249,2-0,2-1,3,1,6-60,3-29,,
123,November 21,10,1971,52,St. Louis Cardinals,Philadelphia Eagles,20,37,Bob Hollway,,3-7,3-6-1,outdoors,astroturf,Pete Liske,Jim Hart,17,15,36-133-0,21-85-1,15-26-144-2-0,19-36-294-0-4,1-10,3-46,134,248,267,333,3-2,5-4,2,8,3-42,3-37,,
124,November 21,10,1971,52,New Orleans Saints,Minnesota Vikings,10,23,J.D. Roberts,Bud Grant,3-5-2,8-2,outdoors,astroturf,Bob Lee,Edd Hargett,20,11,42-172-2,26-91-0,14-25-146-0-1,15-32-176-1-2,4-51,1-9,95,167,267,258,2-1,0-0,2,2,3-45,5-65,,
125,November 21,10,1971,52,Kansas City Chiefs,Denver Broncos,28,10,Hank Stram,,7-2-1,2-7-1,outdoors,grass,Steve Ramsey,Len Dawson,15,16,27-129-1,32-132-1,17-37-231-0-3,12-22-288-3-1,4-41,3-33,190,255,319,387,0-0,2-2,3,3,2-10,5-45,,
126,November 21,10,1971,52,Chicago Bears,Detroit Lions,3,28,Jim Dooley,Joe Schmidt,6-4,6-3-1,outdoors,astroturf,Bill Munson,Bobby Douglass,14,8,35-186-3,26-112-0,9-15-75-0-0,6-26-68-0-4,1-5,8-62,70,6,256,118,4-3,1-0,3,4,8-82,9-107,,
127,November 21,10,1971,52,Los Angeles Rams,San Francisco 49ers,17,6,Tommy Prothro,Dick Nolan,6-3-1,6-4,outdoors,grass,John Brodie,Roman Gabriel,21,8,34-96-0,30-124-0,23-42-297-0-4,5-16-69-1-1,1-11,2-20,286,49,382,173,1-0,0-0,4,1,9-108,3-25,,
128,November 21,10,1971,52,Oakland Raiders,San Diego Chargers,34,33,John Madden,Sid Gillman,7-1-2,4-6,outdoors,grass,John Hadl,Daryle Lamonica,22,21,31-96-2,35-170-1,20-36-321-2-1,16-26-190-3-0,1-9,0-0,312,190,408,360,1-1,1-1,2,1,7-72,3-35,,
129,November 22,10,1971,52,Atlanta Falcons,Green Bay Packers,28,21,Norm Van Brocklin,Dan Devine,5-4-1,3-6-1,outdoors,grass,Scott Hunter,Bob Berry,7,27,20-103-1,55-204-3,3-8-72-1-1,16-21-191-1-0,5-32,1-9,40,182,143,386,2-0,4-2,1,2,5-53,6-60,,
130,November 25,11,1971,52,Detroit Lions,Kansas City Chiefs,32,21,Joe Schmidt,Hank Stram,7-3-1,7-3-1,outdoors,grass,Len Dawson,Greg Landry,19,22,25-119-3,35-158-1,14-23-162-0-1,15-22-225-2-2,2-23,1-2,139,223,258,381,3-1,0-0,2,2,5-50,3-54,,
131,November 25,11,1971,52,Dallas Cowboys,Los Angeles Rams,28,21,Tom Landry,Tommy Prothro,8-3,6-4-1,outdoors,astroturf,Roman Gabriel,Roger Staubach,21,15,33-86-1,33-114-1,20-36-234-2-1,8-14-176-2-0,1-7,1-10,227,166,313,280,5-2,1-0,3,0,3-35,4-25,,
132,November 28,11,1971,52,New York Jets,San Francisco 49ers,21,24,Weeb Ewbank,Dick Nolan,4-7,7-4,outdoors,grass,John Brodie,Joe Namath,20,21,45-263-2,30-118-0,5-13-88-1-0,12-30-275-3-2,0-0,0-0,88,275,351,393,3-1,2-1,1,3,5-55,8-58,,
133,November 28,11,1971,52,Cincinnati Bengals,San Diego Chargers,31,0,Paul Brown,,4-7,4-7,outdoors,astroturf,John Hadl,Virgil Carter,8,28,16-47-0,44-173-2,9-27-96-0-6,26-36-246-1-1,2-13,1-8,83,238,130,411,2-0,1-1,6,2,4-34,7-101,,
134,November 28,11,1971,52,New York Giants,St. Louis Cardinals,7,24,Alex Webster,Bob Hollway,4-7,4-7,outdoors,grass,Jim Hart,Fran Tarkenton,21,15,41-207-0,24-74-0,7-17-137-2-2,18-34-228-1-4,0-0,3-17,137,211,344,285,1-1,3-2,3,6,6-50,7-65,,
135,November 28,11,1971,52,Pittsburgh Steelers,Denver Broncos,10,22,Chuck Noll,,5-6,3-7-1,outdoors,astroturf,Steve Ramsey,Terry Bradshaw,14,12,37-126-2,33-158-0,14-25-161-0-1,9-29-100-1-1,2-11,4-33,150,67,276,225,1-1,5-2,2,3,2-30,2-15,,
136,November 28,11,1971,52,Philadelphia Eagles,Washington Redskins,13,20,George Allen,,3-7-1,7-3-1,outdoors,astroturf,Billy Kilmer,Pete Liske,10,16,28-102-0,27-100-1,10-19-155-1-0,13-28-192-1-2,0-0,1-12,155,180,257,280,4-2,0-0,2,2,7-68,9-79,,
137,November 28,11,1971,52,Buffalo Bills,New England Patriots,27,20,Harvey Johnson,John Mazur,1-10,4-7,outdoors,grass,Jim Plunkett,Dennis Shaw,15,15,36-189-1,34-147-1,10-22-138-1-3,9-17-154-2-0,4-33,3-37,105,117,294,264,0-0,3-1,3,1,4-30,4-45,,
138,November 28,11,1971,52,Green Bay Packers,New Orleans Saints,21,29,Dan Devine,J.D. Roberts,3-7-1,4-5-2,outdoors,grass,Edd Hargett,Bart Starr,18,15,50-163-1,27-95-1,11-25-111-0-0,11-25-177-1-2,1-1,1-10,110,167,273,262,1-0,4-4,0,6,8-71,5-41,,
139,November 28,11,1971,52,Minnesota Vikings,Atlanta Falcons,24,7,Bud Grant,Norm Van Brocklin,9-2,5-5-1,outdoors,grass,Bob Berry,Bob Lee,4,19,22-68-0,47-257-3,11-23-76-0-3,10-23-59-0-2,4-21,1-12,55,47,123,304,2-0,3-1,3,3,6-60,0-0,,
140,November 28,11,1971,52,Oakland Raiders,Baltimore Colts,14,37,John Madden,Don McCafferty,7-2-2,8-3,outdoors,grass,Johnny Unitas,George Blanda,19,20,39-210-4,25-65-0,10-16-119-0-0,22-41-259-2-6,3-23,1-13,96,246,306,311,1-1,1-0,1,6,5-34,5-77,,
141,November 28,11,1971,52,Houston Oilers,Cleveland Browns,24,37,Ed Hughes,Nick Skorich,1-9-1,6-5,dome,astroturf,Bill Nelsen,Charley Johnson,19,10,41-160-3,20-46-1,11-24-162-1-2,14-28-193-1-3,1-11,4-23,151,170,311,216,2-2,2-2,4,5,3-15,5-46,,
142,November 29,11,1971,52,Miami Dolphins,Chicago Bears,34,3,Don Shula,Jim Dooley,9-1-1,6-5,outdoors,astroturf,Bobby Douglass,Bob Griese,9,23,16-96-0,42-208-1,9-28-111-0-3,16-22-249-3-1,1-10,1-11,101,238,197,446,2-1,0-0,4,1,2-10,5-48,,
143,December 4,12,1971,52,Dallas Cowboys,New York Jets,52,10,Tom Landry,Weeb Ewbank,9-3,4-8,outdoors,astroturf,Bob Davis,Roger Staubach,12,26,30-130-0,37-218-2,6-20-27-1-3,14-21-243-4-0,1-8,2-22,19,221,149,439,4-3,1-1,6,1,2-20,3-34,,
144,December 5,12,1971,52,New England Patriots,Miami Dolphins,34,13,John Mazur,Don Shula,5-7,9-2-1,outdoors,astroturf,Bob Griese,Jim Plunkett,12,14,29-98-0,33-85-1,9-22-108-0-2,16-23-223-2-0,1-9,0-0,99,223,197,308,5-3,2-0,5,0,3-39,5-37,,
145,December 5,12,1971,52,Atlanta Falcons,Oakland Raiders,24,13,Norm Van Brocklin,John Madden,6-5-1,7-3-2,outdoors,grass,Daryle Lamonica,Bob Berry,20,17,42-208-0,38-113-1,12-31-130-1-2,12-18-220-1-1,1-10,1-6,120,214,328,327,4-3,4-4,5,5,2-9,5-45,,
146,December 5,12,1971,52,Washington Redskins,New York Giants,23,7,George Allen,Alex Webster,8-3-1,4-8,outdoors,grass,Fran Tarkenton,Billy Kilmer,15,9,27-89-0,36-155-2,16-33-173-0-5,4-14-54-0-1,1-8,3-19,165,35,254,190,2-0,2-0,5,1,3-39,6-67,,
147,December 5,12,1971,52,Detroit Lions,Philadelphia Eagles,20,23,Joe Schmidt,,7-4-1,4-7-1,outdoors,grass,Pete Liske,Greg Landry,20,20,38-145-1,30-125-2,15-23-214-1-0,15-27-235-0-1,0-0,2-10,214,225,359,350,1-1,1-1,1,2,3-29,2-30,,
148,December 5,12,1971,52,Cleveland Browns,Cincinnati Bengals,31,27,Nick Skorich,Paul Brown,7-5,4-8,outdoors,grass,Virgil Carter,Bill Nelsen,15,22,34-232-3,38-182-2,13-23-118-0-1,14-28-224-2-2,1-4,0-0,114,224,346,406,2-1,1-1,2,3,6-47,4-20,,
149,December 5,12,1971,52,Baltimore Colts,Buffalo Bills,24,0,Don McCafferty,Harvey Johnson,9-3,1-11,outdoors,grass,Dennis Shaw,Johnny Unitas,8,16,21-76-0,43-180-1,16-34-120-0-4,11-21-134-1-1,2-14,1-4,106,130,182,310,2-2,2-1,6,2,7-70,5-75,,
150,December 5,12,1971,52,Houston Oilers,Pittsburgh Steelers,29,3,Ed Hughes,Chuck Noll,2-9-1,5-7,dome,astroturf,Terry Bradshaw,Dan Pastorini,10,15,20-73-0,41-147-2,14-33-111-0-3,13-23-148-1-0,5-52,2-20,59,128,132,275,1-0,2-0,3,0,6-70,5-40,,
151,December 5,12,1971,52,Denver Broncos,Chicago Bears,6,3,Jim Dooley,,4-7-1,6-6,outdoors,grass,Bobby Douglass,Steve Ramsey,9,10,19-73-0,42-170-0,7-31-63-0-3,8-16-81-0-2,9-70,3-27,-7,54,66,224,3-1,3-2,4,4,12-100,7-100,,
152,December 5,12,1971,52,Los Angeles Rams,New Orleans Saints,45,28,Tommy Prothro,J.D. Roberts,7-4-1,4-6-2,outdoors,grass,Edd Hargett,Roman Gabriel,20,22,23-56-3,39-293-2,19-36-213-1-1,10-18-137-3-0,1-6,1-9,207,128,263,421,0-0,4-1,1,1,6-67,14-119,,
153,December 5,12,1971,52,San Diego Chargers,Minnesota Vikings,30,14,Bud Grant,,5-7,9-3,outdoors,grass,Bob Lee,John Hadl,19,21,34-142-2,32-149-0,12-28-173-0-4,20-29-165-2-1,0-0,0-0,173,165,315,314,1-1,0-0,5,1,6-67,7-95,,
154,December 5,12,1971,52,St. Louis Cardinals,Green Bay Packers,16,16,Bob Hollway,Dan Devine,4-7-1,3-7-2,outdoors,astroturf,Scott Hunter,Jim Hart,19,12,35-211-1,32-80-0,15-28-160-0-2,11-24-236-1-0,1-14,1-11,146,225,357,305,1-1,2-1,3,1,3-25,3-22,,
155,December 6,12,1971,52,San Francisco 49ers,Kansas City Chiefs,17,26,Dick Nolan,Hank Stram,7-5,8-3-1,outdoors,astroturf,Len Dawson,John Brodie,20,18,37-172-1,24-112-1,16-28-263-1-0,20-32-229-1-1,1-8,1-10,255,219,427,331,2-1,0-0,1,1,3-35,5-41,,
156,December 11,13,1971,52,Minnesota Vikings,Detroit Lions,29,10,Bud Grant,Joe Schmidt,10-3,7-5-1,outdoors,grass,Greg Landry,Gary Cuozzo,17,7,32-107-0,32-113-1,15-32-149-1-3,4-15-21-0-2,2-20,0-0,129,21,236,134,5-2,1-0,5,2,4-59,13-105,,
157,December 11,13,1971,52,Baltimore Colts,Miami Dolphins,14,3,Don McCafferty,Don Shula,10-3,9-3-1,outdoors,grass,Bob Griese,Johnny Unitas,14,19,23-96-0,37-104-2,17-30-151-0-2,16-19-142-0-0,0-0,1-21,151,121,247,225,0-0,2-0,2,0,2-30,3-25,,
158,December 12,13,1971,52,Cincinnati Bengals,Pittsburgh Steelers,13,21,Paul Brown,Chuck Noll,4-9,6-7,outdoors,astroturf,Terry Bradshaw,Virgil Carter,16,14,36-126-1,25-126-0,10-27-157-2-1,18-30-247-1-2,2-11,3-25,146,222,272,348,3-2,3-3,3,5,5-55,10-117,,
159,December 12,13,1971,52,Philadelphia Eagles,St. Louis Cardinals,19,7,Bob Hollway,,5-7-1,4-8-1,outdoors,astroturf,Pete Beathard,Pete Liske,10,19,25-112-0,49-177-0,8-25-175-1-4,15-23-205-1-0,1-14,0-0,161,205,273,382,1-1,2-1,5,1,6-52,4-70,,
160,December 12,13,1971,52,New York Giants,Dallas Cowboys,14,42,Alex Webster,Tom Landry,4-9,10-3,outdoors,grass,Roger Staubach,Fran Tarkenton,23,17,33-197-3,20-64-0,12-22-262-3-2,25-43-225-1-2,2-20,5-42,242,183,439,247,1-1,5-2,3,4,3-25,2-17,,
161,December 12,13,1971,52,Buffalo Bills,Houston Oilers,14,20,Harvey Johnson,Ed Hughes,1-12,3-9-1,outdoors,grass,Dan Pastorini,Dennis Shaw,16,14,28-92-1,24-85-1,17-33-211-0-0,20-31-233-1-2,4-35,3-26,176,207,268,292,1-1,1-1,1,3,4-50,4-66,,
162,December 12,13,1971,52,New York Jets,New England Patriots,13,6,Weeb Ewbank,John Mazur,5-8,5-8,outdoors,grass,Jim Plunkett,Joe Namath,16,17,27-100-0,44-166-1,18-31-176-0-1,7-12-95-0-2,4-26,0-0,150,95,250,261,2-1,3-2,2,4,8-75,3-35,,
163,December 12,13,1971,52,New Orleans Saints,Cleveland Browns,17,21,J.D. Roberts,Nick Skorich,4-7-2,8-5,outdoors,astroturf,Bill Nelsen,Edd Hargett,20,18,42-132-2,33-159-2,11-21-177-0-2,7-23-101-0-0,2-25,3-35,152,66,284,225,7-5,6-3,7,3,5-65,8-69,,
164,December 12,13,1971,52,Green Bay Packers,Chicago Bears,31,10,Dan Devine,Jim Dooley,4-7-2,6-7,outdoors,grass,Kent Nix,Scott Hunter,13,15,24-61-0,43-115-3,11-29-200-1-1,7-14-182-1-1,1-14,1-2,186,180,247,295,4-2,3-1,3,2,3-15,5-35,,
165,December 12,13,1971,52,Kansas City Chiefs,Oakland Raiders,16,14,Hank Stram,John Madden,9-3-1,7-4-2,outdoors,grass,George Blanda,Len Dawson,18,17,29-93-2,31-110-0,17-31-130-0-2,18-31-199-1-2,2-16,1-5,114,194,207,304,2-1,1-0,3,2,6-62,5-46,,
166,December 12,13,1971,52,San Francisco 49ers,Atlanta Falcons,24,3,Dick Nolan,Norm Van Brocklin,8-5,6-6-1,outdoors,astroturf,Bob Berry,John Brodie,8,18,22-61-0,46-171-2,9-23-80-0-2,9-18-126-1-1,2-11,1-7,69,119,130,290,3-2,3-0,4,1,3-18,4-40,,
167,December 12,13,1971,52,San Diego Chargers,Denver Broncos,45,17,,,6-7,4-8-1,outdoors,grass,Steve Ramsey,John Hadl,19,24,29-167-1,30-155-1,10-25-169-1-3,22-37-357-5-0,1-6,2-14,163,343,330,498,1-0,1-1,3,1,5-94,8-94,,
168,December 13,13,1971,52,Los Angeles Rams,Washington Redskins,24,38,Tommy Prothro,George Allen,7-5-1,9-3-1,outdoors,grass,Billy Kilmer,Roman Gabriel,15,17,40-79-1,27-104-1,14-19-246-3-1,17-44-219-1-3,1-6,1-5,240,214,319,318,2-2,1-1,3,4,3-31,8-51,,
169,December 18,14,1971,52,Dallas Cowboys,St. Louis Cardinals,31,12,Tom Landry,Bob Hollway,11-3,4-9-1,outdoors,astroturf,Jim Hart,Roger Staubach,14,18,26-88-0,38-205-3,12-43-143-0-2,10-16-147-1-1,2-16,3-29,127,118,215,323,5-1,4-3,3,4,2-20,8-60,,
170,December 19,14,1971,52,Pittsburgh Steelers,Los Angeles Rams,14,23,Chuck Noll,Tommy Prothro,6-8,8-5-1,outdoors,astroturf,Roman Gabriel,Terry Bradshaw,14,24,32-89-1,33-187-0,13-22-148-1-0,20-34-163-2-4,0-0,3-19,148,144,237,331,0-0,3-1,0,5,5-44,4-38,,
171,December 19,14,1971,52,New York Jets,Cincinnati Bengals,35,21,Weeb Ewbank,Paul Brown,6-8,4-10,outdoors,grass,Ken Anderson,Joe Namath,23,18,27-138-1,35-210-3,19-30-176-2-0,9-15-164-2-1,3-21,0-0,155,164,293,374,3-0,1-1,0,2,9-79,7-63,,
172,December 19,14,1971,52,Washington Redskins,Cleveland Browns,13,20,George Allen,Nick Skorich,9-4-1,9-5,outdoors,grass,Bill Nelsen,Billy Kilmer,13,22,28-69-0,35-117-0,15-23-165-2-2,18-33-229-1-2,1-11,0-0,154,229,223,346,1-0,3-2,2,4,4-20,3-23,,
173,December 19,14,1971,52,New York Giants,Philadelphia Eagles,28,41,Alex Webster,,4-10,6-7-1,outdoors,grass,Pete Liske,Randy Johnson,15,24,29-85-1,20-64-1,17-27-261-3-0,30-47-372-3-2,0-0,6-58,261,314,346,378,1-0,0-0,0,2,4-50,8-47,,
174,December 19,14,1971,52,Miami Dolphins,Green Bay Packers,27,6,Don Shula,Dan Devine,10-3-1,4-8-2,outdoors,astroturf,Bart Starr,Bob Griese,14,17,30-137-0,36-155-2,13-22-126-0-0,13-21-122-0-0,4-40,3-32,86,90,223,245,2-2,2-1,2,1,5-39,2-20,,
175,December 19,14,1971,52,Houston Oilers,San Diego Chargers,49,33,Ed Hughes,,4-9-1,6-8,dome,astroturf,John Hadl,Dan Pastorini,20,22,31-88-3,32-135-2,12-29-147-0-3,15-23-226-2-3,0-0,1-6,147,220,235,355,3-1,4-2,4,5,6-89,7-81,,
176,December 19,14,1971,52,Chicago Bears,Minnesota Vikings,10,27,Jim Dooley,Bud Grant,6-8,11-3,outdoors,astroturf,Bob Lee,Bobby Douglass,16,14,38-117-1,30-104-0,13-23-271-2-0,15-40-206-1-2,4-39,0-0,232,206,349,310,4-3,2-2,3,4,6-72,8-91,,
177,December 19,14,1971,52,Kansas City Chiefs,Buffalo Bills,22,9,Hank Stram,Harvey Johnson,10-3-1,1-13,outdoors,grass,Dennis Shaw,Mike Livingston,15,14,23-102-0,33-137-0,17-35-196-0-2,13-31-154-0-0,4-38,4-36,158,118,260,255,1-1,0-0,3,0,9-95,8-86,,
178,December 19,14,1971,52,New Orleans Saints,Atlanta Falcons,20,24,J.D. Roberts,Norm Van Brocklin,4-8-2,7-6-1,outdoors,astroturf,Bob Berry,Archie Manning,14,20,22-57-2,39-165-2,18-27-269-1-0,17-26-174-0-0,1-7,5-39,262,135,319,300,3-1,3-1,1,1,6-49,5-56,,
179,December 19,14,1971,52,Baltimore Colts,New England Patriots,17,21,Don McCafferty,John Mazur,10-4,6-8,outdoors,grass,Jim Plunkett,Johnny Unitas,11,17,34-91-0,34-100-0,10-17-170-2-0,16-32-165-2-2,2-18,2-19,152,146,243,246,3-2,0-0,2,2,4-35,2-7,,
180,December 19,14,1971,52,San Francisco 49ers,Detroit Lions,31,27,Dick Nolan,Joe Schmidt,9-5,7-6-1,outdoors,astroturf,Greg Landry,John Brodie,18,20,33-134-2,37-171-1,9-18-176-1-1,14-20-186-3-1,0-0,0-0,176,186,310,357,0-0,0-0,1,1,5-35,8-72,,
181,December 19,14,1971,52,Oakland Raiders,Denver Broncos,21,13,John Madden,,8-4-2,4-9-1,outdoors,grass,Steve Ramsey,Daryle Lamonica,23,16,39-155-0,30-148-2,17-41-224-1-1,8-18-182-1-3,2-13,1-19,211,163,366,311,0-0,2-1,1,4,2-30,0-0,,
182,December 25,Division,1971,52,Minnesota Vikings,Dallas Cowboys,12,20,Bud Grant,Tom Landry,11-4,12-3,outdoors,grass,Roger Staubach,Gary Cuozzo,10,17,39-98-1,26-101-0,10-14-99-1-0,19-38-210-1-4,2-14,0-0,85,210,183,311,0-0,1-1,0,5,2-10,2-18,Dallas Cowboys -1.0,
183,December 25,Division,1971,52,Kansas City Chiefs,Miami Dolphins,24,27,Hank Stram,Don Shula,10-4-1,11-3-1,outdoors,grass,Bob Griese,Len Dawson,22,23,43-144-2,44-213-2,20-35-263-1-2,18-26-246-1-2,0-0,1-8,263,238,407,451,1-0,3-2,2,4,5-26,6-44,Kansas City Chiefs -3.0,
184,December 26,Division,1971,52,Cleveland Browns,Baltimore Colts,3,20,Nick Skorich,Don McCafferty,9-6,11-4,outdoors,grass,Johnny Unitas,Bill Nelsen,16,11,43-128-2,24-69-0,13-21-143-0-1,12-27-131-0-3,0-0,5-35,143,96,271,165,2-2,6-2,3,5,5-43,3-16,Baltimore Colts -4.0,
185,December 26,Division,1971,52,San Francisco 49ers,Washington Redskins,24,20,Dick Nolan,George Allen,10-5,9-5-1,outdoors,astroturf,Billy Kilmer,John Brodie,13,11,39-99-0,39-112-0,11-27-106-2-1,10-19-176-2-0,1-13,1-3,93,173,192,285,3-2,0-0,3,0,4-55,3-41,San Francisco 49ers -5.5,
186,January 2,ConfChamp,1972,52,Dallas Cowboys,San Francisco 49ers,14,3,Tom Landry,Dick Nolan,13-3,10-6,outdoors,astroturf,John Brodie,Roger Staubach,9,16,16-61-0,46-172-2,14-30-184-0-3,9-18-103-0-0,1-6,6-31,178,72,239,244,0-0,2-1,3,1,1-12,2-30,Dallas Cowboys -5.0,
187,January 2,ConfChamp,1972,52,Miami Dolphins,Baltimore Colts,21,0,Don Shula,Don McCafferty,12-3-1,11-5,outdoors,astroturf,Johnny Unitas,Bob Griese,16,13,30-89-0,35-144-1,20-36-224-0-3,4-8-158-1-1,3-15,2-16,209,142,298,286,1-0,0-0,3,1,2-20,1-12,Miami Dolphins -1.0,
188,January 16,SuperBowl,1972,52,Dallas Cowboys,Miami Dolphins,24,3,Tom Landry,Don Shula,14-3,12-4-1,outdoors,astroturf,Roger Staubach,Bob Griese,10,23,20-80-0,48-252-1,12-23-134-0-1,12-19-119-2-0,1-29,2-19,105,100,185,352,2-2,1-1,3,1,0-0,3-15,Dallas Cowboys -6.0,34.0 (under)
